year	model	hit_count	spec_score	length	beam_chine	weight	hp	fuel	cockpit	transom
2012	Alaskan 1800	5	4		"Width 97"""	(approx. lbs.) 2000			"21.25"""	"25"""
2012	Impact 1675	2	4		"Width 90"""	(approx. lbs.) 1600			"20"""	"25"""
2012	Impact 1775	3	4		"Width 90"""	(approx. lbs.) 1600			"20"""	"25"""
2012	Impact 1875	2	4		"Width 90"""	(approx. lbs.) 1600			"20"""	"25"""
2012	Pro-V 1775	6	4		"Width 97"""	(approx. lbs.) 2000			"21.25"""	"25"""
2012	Pro-V 1875	5	4		"Width 97"""	(approx. lbs.) 2000			"21.25"""	"25"""
2012	Sport Angler 1800	1	4		"Width 97"""	(approx. lbs.) 2000			"21.25"""	"25"""
2012	Tyee 1700	1	4		"Width 97"""	(approx. lbs.) 2000			"21.25"""	"25"""
2012	Tyee 1750	1	4		"Width 97"""	(approx. lbs.) 2000			"21.25"""	"25"""
2012	Tyee 1850	2	4		"Width 97"""	(approx. lbs.) 2000			"21.25"""	"25"""
2013	Alaskan 1800	5	4		"Width 97"""	(approx. lbs) 2000			"21.25"" 2"	"25"" 2"
2013	Crossover 1875	3	4		"Width 90"""	(approx. lbs) 1600			"20"""	"25"""
2013	Impact 1675	4	4		"Width 90"""	(approx. lbs) 1600			"20"""	"25"""
2013	Impact 1775	3	4		"Width 90"""	(approx. lbs) 1600			"20"""	"25"""
2013	Impact 1875	3	4		"Width 90"""	(approx. lbs) 1600			"20"""	"25"""
2013	Pro-V 1775	6	4		"Width 97"""	(approx. lbs) 2000			"21.25"" 2"	"25"" 2"
2013	Pro-V 1875	3	4		"Width 97"""	(approx. lbs) 2000			"21.25"" 2"	"25"" 2"
2013	Sport Angler 1800	1	4		"Width 97"""	(approx. lbs) 2000			"21.25"" 2"	"25"" 2"
2013	Tyee 1750	2	4		"Width 97"""	(approx. lbs) 2000			"21.25"" 2"	"25"" 2"
2014	Alaskan 1800	4	4		"Width 97"" 9"	(approx. lbs) 2000			"21.25"" 2"	"25"" 25"""
2014	Crossover 1675	1	4		"Width 96"" 9"	(approx. lbs) 220			"26.5"" 27"""	"25"" 25"""
2014	Crossover 1775	1	4		"Width 96"" 9"	(approx. lbs) 220			"26.5"" 27"""	"25"" 25"""
2014	Crossover 1875	1	4		"Width 96"" 9"	(approx. lbs) 220			"26.5"" 27"""	"25"" 25"""
2014	Impact 1675	2	4		"Width 94"""	(approx. lbs) 1170			"22.25"" 2"	"25"""
2014	Impact 1775	6	4		"Width 96"" 9"	(approx. lbs) 220			"26.5"" 27"""	"25"" 25"""
2014	Impact 1875	3	4		"Width 96"" 9"	(approx. lbs) 220			"26.5"" 27"""	"25"" 25"""
2014	Pro-V 1775	3	4		"Width 97"" 9"	(approx. lbs) 2000			"21.25"" 2"	"25"" 25"""
2014	Pro-V 1875	3	4		"Width 97"" 9"	(approx. lbs) 2000			"21.25"" 2"	"25"" 25"""
2014	Sport Angler 1800	1	4		"Width 96"" 9"	(approx. lbs) 220			"26.5"" 27"""	"25"" 25"""
2015	Alaskan 1800	4	4		"Width 97"""	(approx. lbs) 2000			"21.25"""	"25"""
2015	Crossover 1675	1	4		"Width 96"""	(approx. lbs) 25			"26.5"" 27"""	"25"" 25"""
2015	Crossover 1775	1	4		"Width 96"""	(approx. lbs) 25			"26.5"" 27"""	"25"" 25"""
2015	Crossover 1875	1	4		"Width 96"""	(approx. lbs) 25			"26.5"" 27"""	"25"" 25"""
2015	Impact 1675	2	4		"Width 94"""	(approx. lbs) 1220			"22"""	"25"""
2015	Impact 1775	2	4		"Width 94"""	(approx. lbs) 1220			"22"""	"25"""
2015	Impact 1875	3	4		"Width 96"""	(approx. lbs) 25			"26.5"" 27"""	"25"" 25"""
2015	Pro-V 1775	3	4		"Width 97"""	(approx. lbs) 2000			"21.25"""	"25"""
2015	Pro-V 1875	2	4		"Width 97"""	(approx. lbs) 2000			"21.25"""	"25"""
2015	Sport Angler 1800	1	4		"Width 96"""	(approx. lbs) 25			"26.5"" 27"""	"25"" 25"""
2016	Alaskan 1800	4	4		"Width 102"""	(approx. lbs) 23			"21.5"" 2"	"25"""
2016	Crossover 1675	2	4		"Width 94"""	(approx. lbs) 122			"22"""	"25"""
2016	Crossover 1775	1	4		"Width 94"""	(approx. lbs) 122			"22"""	"25"""
2016	Crossover 1875	1	4		"Width 94"""	(approx. lbs) 122			"22"""	"25"""
2016	Impact 1675	2	4		"Width 94"""	(approx. lbs) 122			"22"""	"25"""
2016	Impact 1775	2	4		"Width 94"""	(approx. lbs) 122			"22"""	"25"""
2016	Impact 1875	2	4		"Width 94"""	(approx. lbs) 122			"22"""	"25"""
2016	Pro-V 1775	4	4		"Width 102"""	(approx. lbs) 23			"21.5"" 2"	"25"""
2016	Pro-V 1875	23	4		"Width 102"""	(approx. lbs) 23			"21.5"" 2"	"25"""
2016	Sport Angler 1800	1	4		"Width 94"""	(approx. lbs) 122			"22"""	"25"""
2017	Alaskan 1800	4	4		"Width 102"""	(approx. lbs) 2300			"21.5"" 2"	"25"" 2"
2017	Crossover 1675	2	4		"Width 94"""	1440 1			"23.5"""	"25"""
2017	Crossover 1775	2	4		"Width 94"""	1440 1			"23.5"""	"25"""
2017	Crossover 1875	1	4		"Width 94"""	1440 1			"23.5"""	"25"""
2017	Impact 1675	2	4		"Width 94"""	1440 1			"23.5"""	"25"""
2017	Impact 1775	2	4		"Width 94"""	1440 1			"23.5"""	"25"""
2017	Impact 1875	2	4		"Width 94"""	1440 1			"23.5"""	"25"""
2017	Pro-V 1775	1	0							
2017	Pro-V 1875	17	4		"Width 102"""	(approx. lbs) 2300			"21.5"" 2"	"25"" 2"
2017	Sport Angler 1800	1	4		"Width 94"""	1440 1			"23.5"""	"25"""
2018	Alaskan 1800	4	4		"Width 102"""	(approx. lbs)			"21.5"" 2"	"25"" 2"
2018	Crossover 1675	1	0							
2018	Crossover 1775	1	4		"Width 98"" 95"""	(approx. lbs) 17			"27"" 27"""	"25"" 25"""
2018	Crossover 1875	1	4		"Width 98"" 95"""	(approx. lbs) 17			"27"" 27"""	"25"" 25"""
2018	Impact 1675	3	4		"Width 80"""	(approx. lbs) 81			"20"""	"20"""
2018	Impact 1775	3	4		"Width 98"" 95"""	(approx. lbs) 17			"27"" 27"""	"25"" 25"""
2018	Impact 1875	3	4		"Width 98"" 95"""	(approx. lbs) 17			"27"" 27"""	"25"" 25"""
2018	Pro-V 1775	1	0							
2018	Pro-V 1875	14	4		"Width 102"""	(approx. lbs)			"21.5"" 2"	"25"" 2"
2018	Sport Angler 1800	1	4		"Width 98"" 95"""	(approx. lbs) 17			"27"" 27"""	"25"" 25"""
2019	Adventure 1675	1	1		Fuel					
2019	Adventure 1775	1	0							
2019	Crossover 1775	1	0							
2019	Impact 1675	1	0							
2019	Pro-V 1875	5	1		Fuel					
2020	Adventure 1675	2	1		Fuel					
2020	Alaskan 1800	1	0							
2020	Impact 1675	1	0							
2020	Pro-V 1875	3	2		Fuel		of 400. Up from 350 last			
2020	Tyee 1875	1	0							
2021	Adventure 1675	1	1		Maximum HP					
2021	Adventure 1775	2	1		Maximum HP					
2021	Alaskan 1800	1	0							
2021	Crossover 1775	3	1		Fuel					
2021	Crossover 1875	3	1		Fuel					
2021	Impact 1675	3	1		Fuel					
2021	Impact 1775	2	1		Fuel					
2021	Impact 1875	1	1		Fuel					
2021	Pro-V 1875	6	1		Maximum HP					
2021	Sport Angler 1800	1	2		Maximum HP					Fuel Live
2021	Tyee 1875	1	1		Maximum HP					
2022	Adventure 1675	3	2		Maximum HP Maximum Capacit					Fuel Livewell S
2022	Adventure 1775	3	2		Fuel					Fuel Livewell S
2022	Alaskan 1800	3	2		Maximum HP Maximum Capaci					Seats
2022	Crossover 1775	2	2		Maximum					Fuel
2022	Crossover 1875	2	2		Fuel					Fuel
2022	Impact 1675	4	2		Fuel					Fuel
2022	Impact 1775	4	2		Maximum					Fuel
2022	Impact 1875	3	1		Fuel					
2022	Pro-V 1875	7	2		Fuel					Fuel
2022	Tyee 1875	2	1		Fuel					
2023	Adventure 1675	3	2		Maximum Capacity					Fuel
2023	Adventure 1775	3	2		Fuel					Fuel
2023	Alaskan 1800	3	2		Maximum HP Maximum Capacity					Seats
2023	Crossover 1775	2	1		Fuel					
2023	Crossover 1875	3	1		Fuel					
2023	Impact 1775	4	1		Fuel					
2023	Impact 1875	4	1		Fuel					
2023	Pro-V 1875	6	1		Fuel					
2023	Tyee 1875	1	1		Fuel					
2024	Adventure 1775	2	3		Max Rod Storage Beam		Length Max HP			Seats Tra
2024	Alaskan 1875	1	3		Max Rod Storage Beam		Length Max HP			Seats Tra
2024	Crossover 1875	1	3		Max Rod Storage		Length Max H			Seats
2024	Impact 1875	2	3		Max Rod Storage		Length Max H			Seats
2024	Pro-V 1875	3	3		Max Rod Storage		Length Max			Seats
2024	Tyee 1875	1	3		Max Rod Storage		Length Ma			Seats
2025	Adventure 1775	2	3		Max Rod Storage Beam		Length Max HP			Seats Tra
2025	Crossover 1775	1	3		Max Rod Storage		Length Ma			Seats
2025	Crossover 1875	1	3		Beam		Length Max HP			Seats Tra
2025	Impact 1775	2	3		Max Rod Storage		Length Max			Seats
2025	Impact 1875	2	3		Max Rod Storage		Length Max H			Seats
2025	Pro-V 1875	2	3		Max Rod Storage		Length Max			Seats
2025	Tyee 1750	1	3		Max Rod Storage		Length Ma			Seats
2026	Adventure 1675	1	0							
2026	Crossover 1775	1	3		Max Rod Storage		"95"" 7' 6"""			versatility and styl
2026	Crossover 1875	2	3		Max Rod Storage		"95"" 8'"			"Aft 38""/24 gal"
