1980	https://library.rvusa.com/brochure/1980.pdf	200	application/pdf	9147342
1980	https://media.rvusa.com/library/1980.pdf	200	application/pdf	9147342
1981	https://library.rvusa.com/brochure/1981.pdf	200	application/pdf	9106923
1981	https://media.rvusa.com/library/1981.pdf	200	application/pdf	9106923
1981	https://www.lundboats.com/content/dam/lund/technical/documents/1981-Lund-Catalog.pdf	200	application/pdf	
1982	https://library.rvusa.com/brochure/1982.pdf	200	application/pdf	9985889
1982	https://media.rvusa.com/library/1982.pdf	200	application/pdf	9985889
1982	https://www.lundboats.com/content/dam/lund/technical/documents/1982-Lund-Catalog.pdf	200	application/pdf	
1983	https://library.rvusa.com/brochure/1983.pdf	200	application/pdf	12546156
1983	https://media.rvusa.com/library/1983.pdf	200	application/pdf	12546156
1983	https://www.lundboats.com/content/dam/lund/technical/documents/1983-Lund-Catalog.pdf	200	application/pdf	
1984	https://library.rvusa.com/brochure/1984.pdf	200	application/pdf	15198586
1984	https://media.rvusa.com/library/1984.pdf	200	application/pdf	15198586
1984	https://www.lundboats.com/content/dam/lund/technical/documents/1984-Lund-Catalog.pdf	200	application/pdf	
1985	https://library.rvusa.com/brochure/1985.pdf	200	application/pdf	18295056
1985	https://media.rvusa.com/library/1985.pdf	200	application/pdf	18295056
1985	https://www.lundboats.com/content/dam/lund/technical/documents/1985-Lund-Catalog.pdf	200	application/pdf	
1986	https://library.rvusa.com/brochure/1986.pdf	200	application/pdf	19489596
1986	https://media.rvusa.com/library/1986.pdf	200	application/pdf	19489596
1986	https://www.lundboats.com/content/dam/lund/technical/documents/1986-Lund-Catalog.pdf	200	application/pdf	
1987	https://library.rvusa.com/brochure/1987.pdf	200	application/pdf	19730278
1987	https://media.rvusa.com/library/1987.pdf	200	application/pdf	19730278
1987	https://www.lundboats.com/content/dam/lund/technical/documents/1987-Lund-Catalog.pdf	200	application/pdf	
1988	https://library.rvusa.com/brochure/1988.pdf	200	application/pdf	19996610
1988	https://media.rvusa.com/library/1988.pdf	200	application/pdf	19996610
1988	https://www.lundboats.com/content/dam/lund/technical/documents/1988-Lund-Catalog.pdf	200	application/pdf	
1989	https://library.rvusa.com/brochure/1989.pdf	200	application/pdf	17817390
1989	https://media.rvusa.com/library/1989.pdf	200	application/pdf	17817390
1989	https://www.lundboats.com/content/dam/lund/technical/documents/1989-Lund-Catalog.pdf	200	application/pdf	
1990	https://library.rvusa.com/brochure/1990.pdf	200	application/pdf	23354948
1990	https://media.rvusa.com/library/1990.pdf	200	application/pdf	23354948
1990	https://www.lundboats.com/content/dam/lund/technical/documents/1990-Lund-Catalog.pdf	200	application/pdf	
1991	https://library.rvusa.com/brochure/1991.pdf	200	application/pdf	25157790
1991	https://media.rvusa.com/library/1991.pdf	200	application/pdf	25157790
1991	https://www.lundboats.com/content/dam/lund/technical/documents/1991-Lund-Catalog.pdf	200	application/pdf	
1992	https://library.rvusa.com/brochure/1992.pdf	200	application/pdf	22078400
1992	https://media.rvusa.com/library/1992.pdf	200	application/pdf	22078400
1992	https://www.lundboats.com/content/dam/lund/technical/documents/1992-Lund-Catalog.pdf	200	application/pdf	
1993	https://library.rvusa.com/brochure/1993.pdf	200	application/pdf	22355175
1993	https://media.rvusa.com/library/1993.pdf	200	application/pdf	22355175
1993	https://www.lundboats.com/content/dam/lund/technical/documents/1993-Lund-Catalog.pdf	200	application/pdf	
1994	https://library.rvusa.com/brochure/1994.pdf	200	application/pdf	31532036
1994	https://media.rvusa.com/library/1994.pdf	200	application/pdf	31532036
1994	https://www.lundboats.com/content/dam/lund/technical/documents/1994-Lund-Catalog.pdf	200	application/pdf	
1995	https://library.rvusa.com/brochure/1995.pdf	200	application/pdf	31345615
1995	https://media.rvusa.com/library/1995.pdf	200	application/pdf	31345615
1995	https://www.lundboats.com/content/dam/lund/technical/documents/1995-Lund-Catalog.pdf	200	application/pdf	
1996	https://library.rvusa.com/brochure/1996.pdf	200	application/pdf	34270617
1996	https://media.rvusa.com/library/1996.pdf	200	application/pdf	34270617
1996	https://www.lundboats.com/content/dam/lund/technical/documents/1996-Lund-Catalog.pdf	200	application/pdf	
1997	https://library.rvusa.com/brochure/1997.pdf	200	application/pdf	33802000
1997	https://media.rvusa.com/library/1997.pdf	200	application/pdf	33802000
1997	https://www.lundboats.com/content/dam/lund/technical/documents/1997-Lund-Catalog.pdf	200	application/pdf	
1997	https://www.lundboats.com/content/dam/lund/technical/documents/newLN-1997LundCatalog.pdf	200	application/pdf	
1998	https://www.lundboats.com/content/dam/lund/technical/documents/1998-Lund-Catalog.pdf	200	application/pdf	
1999	https://library.rvusa.com/brochure/1999.pdf	200	application/pdf	33506738
1999	https://media.rvusa.com/library/1999.pdf	200	application/pdf	33506738
1999	https://www.lundboats.com/content/dam/lund/technical/documents/1999-Lund-Catalog.pdf	200	application/pdf	
2000	https://library.rvusa.com/brochure/2000.pdf	200	application/pdf	37437233
2000	https://media.rvusa.com/library/2000.pdf	200	application/pdf	37437233
2000	https://www.lundboats.com/content/dam/lund/technical/documents/2000-Lund-Catalog.pdf	200	application/pdf	
2001	https://library.rvusa.com/brochure/2001.pdf	200	application/pdf	42421040
2001	https://media.rvusa.com/library/2001.pdf	200	application/pdf	42421040
2001	https://www.lundboats.com/content/dam/lund/technical/documents/2001-Lund-Catalog.pdf	200	application/pdf	
2002	https://library.rvusa.com/brochure/2002.pdf	200	application/pdf	41002314
2002	https://media.rvusa.com/library/2002.pdf	200	application/pdf	41002314
2002	https://www.lundboats.com/content/dam/lund/technical/documents/2002-Lund-Catalog.pdf	200	application/pdf	
2003	https://library.rvusa.com/brochure/2003.pdf	200	application/pdf	44317857
2003	https://media.rvusa.com/library/2003.pdf	200	application/pdf	44317857
2003	https://www.lundboats.com/content/dam/lund/technical/documents/2003-Lund-Catalog.pdf	200	application/pdf	
2004	https://library.rvusa.com/brochure/2004.pdf	200	application/pdf	51806234
2004	https://media.rvusa.com/library/2004.pdf	200	application/pdf	51806234
2004	https://www.lundboats.com/content/dam/lund/technical/documents/2004-Lund-Catalog.pdf	200	application/pdf	
2004	https://www.lundboats.com/content/dam/lund/technical/documents/newLN-2004LundCatalog.pdf	200	application/pdf	
2005	https://library.rvusa.com/brochure/2005.pdf	200	application/pdf	49991785
2005	https://media.rvusa.com/library/2005.pdf	200	application/pdf	49991785
2005	https://www.lundboats.com/content/dam/lund/technical/documents/2005-Lund-Catalog.pdf	200	application/pdf	
2005	https://www.lundboats.com/content/dam/lund/technical/documents/newLN-2005LundCatalog.pdf	200	application/pdf	
2006	https://library.rvusa.com/brochure/2006.pdf	200	application/pdf	49390508
2006	https://media.rvusa.com/library/2006.pdf	200	application/pdf	49390508
2006	https://www.lundboats.com/content/dam/lund/technical/documents/2006-Lund-Catalog.pdf	200	application/pdf	
2006	https://www.lundboats.com/content/dam/lund/technical/documents/newLN-2006LundCatalog.pdf	200	application/pdf	
2007	https://library.rvusa.com/brochure/2007.pdf	200	application/pdf	46291890
2007	https://media.rvusa.com/library/2007.pdf	200	application/pdf	46291890
2007	https://www.lundboats.com/content/dam/lund/technical/documents/2007-Lund-Catalog.pdf	200	application/pdf	
2008	https://library.rvusa.com/brochure/2008.pdf	200	application/pdf	44834014
2008	https://media.rvusa.com/library/2008.pdf	200	application/pdf	44834014
2008	https://www.lundboats.com/content/dam/lund/technical/documents/2008-Lund-Catalog.pdf	200	application/pdf	
2009	https://library.rvusa.com/brochure/2009.pdf	200	application/pdf	44925064
2009	https://media.rvusa.com/library/2009.pdf	200	application/pdf	44925064
2009	https://www.lundboats.com/content/dam/lund/technical/documents/2009-Lund-Catalog.pdf	200	application/pdf	
2010	https://library.rvusa.com/brochure/2010.pdf	200	application/pdf	35524073
2010	https://media.rvusa.com/library/2010.pdf	200	application/pdf	35524073
2012	https://library.rvusa.com/brochure/2012-Lund.pdf	200	application/pdf	80098915
2013	https://library.rvusa.com/brochure/2013-Lund.pdf	200	application/pdf	36893176
2014	https://library.rvusa.com/brochure/2014-Lund.pdf	200	application/pdf	26320244
2015	https://library.rvusa.com/brochure/2015-Lund.pdf	200	application/pdf	73244940
2016	https://library.rvusa.com/brochure/2016-Lund.pdf	200	application/pdf	67288439
2017	https://library.rvusa.com/brochure/2017-Lund.pdf	200	application/pdf	75088242
2018	https://library.rvusa.com/brochure/2018-Lund.pdf	200	application/pdf	71856207
2019	https://library.rvusa.com/brochure/2019-Lund.pdf	200	application/pdf	61308834
2020	https://library.rvusa.com/brochure/2020-Lund.pdf	200	application/pdf	37991843
2021	https://library.rvusa.com/brochure/2021-Lund.pdf	200	application/pdf	20702260
2021	https://www.lundboats.com/content/dam/lund/technical/documents/2021-Lund-Catalog.pdf	200	application/pdf	
2022	https://library.rvusa.com/brochure/2022-Lund.pdf	200	application/pdf	21119768
2023	https://library.rvusa.com/brochure/2023-Lund.pdf	200	application/pdf	9335344
2023	https://www.lundboats.com/content/dam/lund/technical/documents/2023_Lund_Catalog.pdf	200	application/pdf	
2024	https://library.rvusa.com/brochure/2024-Lund.pdf	200	application/pdf	5913194
2025	https://library.rvusa.com/brochure/2025-Lund.pdf	200	application/pdf	13860612
2026	https://library.rvusa.com/brochure/2026-Lund.pdf	200	application/pdf	10154173
2026	https://www.lundboats.com/content/dam/lund/technical/documents/2026-lund-catalog.pdf	200	application/pdf	
year	url	http	content_type	content_length
